59170;S9;BOX_1000_000001
81000;S9;BOX_1000_000002
102340;S9;BOX_1000_000003
122760;S9;BOX_1000_000004
143980;S9;BOX_1000_000005
164490;S9;BOX_1000_000006
186970;S9;BOX_1000_000007
207040;S9;BOX_1000_000008
228890;S9;BOX_1000_000009
249960;S9;BOX_1000_000010
271360;S9;BOX_1000_000011
298140;S9;BOX_1000_000012
319630;S9;BOX_1000_000013
340850;S9;BOX_1000_000014
361850;S9;BOX_1000_000015
409690;S9;BOX_1000_000016
463330;S9;BOX_1000_000017
484640;S9;BOX_1010_000018
508510;S9;BOX_1010_000019
537860;S9;BOX_1010_000020
568290;S9;BOX_1010_000021
603160;S9;BOX_1010_000022
634490;S9;BOX_1010_000023
663090;S9;BOX_1010_000024
693670;S9;BOX_1010_000025
723690;S9;BOX_1010_000026
753840;S9;BOX_1010_000027
784050;S9;BOX_1010_000028
813900;S9;BOX_1010_000029
843480;S9;BOX_1010_000030
1096600;S9;BOX_1010_000031
1104330;S9;BOX_1010_000032
1112440;S9;BOX_1010_000033
1119880;S9;BOX_1010_000034
1127440;S9;BOX_1010_000035
1147110;S9;BOX_1010_000036
1179750;S9;BOX_1010_000037
1212710;S9;BOX_1010_000038
1241420;S9;BOX_1010_000039
1275420;S9;BOX_1010_000040
1318560;S9;BOX_1020_000041
1339130;S9;BOX_1020_000042
1361040;S9;BOX_1020_000043
1380960;S9;BOX_1020_000044
1403140;S9;BOX_1020_000045
1427020;S9;BOX_1020_000046
1447880;S9;BOX_1020_000047
1467280;S9;BOX_1020_000048
1493930;S9;BOX_1020_000049
1513590;S9;BOX_1020_000050
1538870;S9;BOX_1020_000051
1559330;S9;BOX_1020_000052
1580510;S9;BOX_1020_000053
1601420;S9;BOX_1020_000054
1621780;S9;BOX_1020_000055
1642750;S9;BOX_1020_000056
1664490;S9;BOX_1020_000057
1715120;S9;BOX_1030_000058
1738570;S9;BOX_1030_000059
1763100;S9;BOX_1030_000060
2106380;S9;BOX_1030_000061
2114680;S9;BOX_1030_000062
2122780;S9;BOX_1030_000063
2130890;S9;BOX_1030_000064
2138350;S9;BOX_1030_000065
2145630;S9;BOX_1030_000066
2157060;S9;BOX_1030_000067
2173110;S9;BOX_1030_000068
2190530;S9;BOX_1030_000069
2205810;S9;BOX_1030_000070
2221780;S9;BOX_1030_000071
2238300;S9;BOX_1030_000072
2253340;S9;BOX_1030_000073
2269620;S9;BOX_1030_000074
2286160;S9;BOX_1030_000075
2301740;S9;BOX_1030_000076
2318220;S9;BOX_1030_000077
2335470;S9;BOX_1030_000078
2351280;S9;BOX_1030_000079
2368780;S9;BOX_1030_000080
2385110;S9;BOX_1030_000081
2400700;S9;BOX_1030_000082
2416380;S9;BOX_1030_000083
2432840;S9;BOX_1030_000084
2449040;S9;BOX_1030_000085
2460410;S9;BOX_1000_000086
2480120;S9;BOX_1000_000087
2500880;S9;BOX_1000_000088
2530500;S9;BOX_1000_000089
2549950;S9;BOX_1000_000090
2572240;S9;BOX_1000_000091
2592310;S9;BOX_1000_000092
2617260;S9;BOX_1000_000093
2637400;S9;BOX_1000_000094
2658990;S9;BOX_1000_000095
2680040;S9;BOX_1000_000096
2701290;S9;BOX_1000_000097
2721570;S9;BOX_1000_000098
2746640;S9;BOX_1000_000099
2766980;S9;BOX_1000_000100
2788650;S9;BOX_1000_000101
2809380;S9;BOX_1000_000102
2863070;S9;BOX_1010_000103
2893240;S9;BOX_1010_000104
2922230;S9;BOX_1010_000105
2952150;S9;BOX_1010_000106
2981210;S9;BOX_1010_000107
3211200;S9;BOX_1010_000108
3219560;S9;BOX_1010_000109
3227750;S9;BOX_1010_000110
3235890;S9;BOX_1010_000111
3292770;S9;BOX_1010_000112
3321110;S9;BOX_1010_000113
3352000;S9;BOX_1010_000114
3382330;S9;BOX_1010_000115
3757920;S9;BOX_1010_000116
3774160;S9;BOX_1010_000117
3790900;S9;BOX_1010_000118
3808000;S9;BOX_1010_000119
3823280;S9;BOX_1010_000120
3841560;S9;BOX_1010_000121
3871700;S9;BOX_1010_000122
3901370;S9;BOX_1010_000123
3932430;S9;BOX_1010_000124
3962230;S9;BOX_1010_000125
4184830;S9;BOX_1020_000126
4192920;S9;BOX_1020_000127
4200810;S9;BOX_1020_000128
4208700;S9;BOX_1020_000129
4267320;S9;BOX_1020_000130
4275100;S9;BOX_1020_000131
4283380;S9;BOX_1020_000132
4290710;S9;BOX_1020_000133
4299430;S9;BOX_1020_000134
4369400;S9;BOX_1020_000135
4382510;S9;BOX_1020_000136
4393410;S9;BOX_1020_000137
4412230;S9;BOX_1020_000138
4432460;S9;BOX_1020_000139
4453930;S9;BOX_1020_000140
4475060;S9;BOX_1020_000141
4495570;S9;BOX_1020_000142
4801690;S9;BOX_1030_000143
4826300;S9;BOX_1030_000144
4848760;S9;BOX_1030_000145
4873280;S9;BOX_1030_000146
4897150;S9;BOX_1030_000147
4921790;S9;BOX_1030_000148
4945320;S9;BOX_1030_000149
4971760;S9;BOX_1030_000150
5213640;S9;BOX_1030_000151
5221760;S9;BOX_1030_000152
5229120;S9;BOX_1030_000153
5237910;S9;BOX_1030_000154
5245710;S9;BOX_1030_000155
5253660;S9;BOX_1030_000156
5269100;S9;BOX_1030_000157
5283970;S9;BOX_1030_000158
5299560;S9;BOX_1030_000159
5317400;S9;BOX_1030_000160
5332690;S9;BOX_1030_000161
5349250;S9;BOX_1030_000162
5365610;S9;BOX_1030_000163
5382310;S9;BOX_1030_000164
5398620;S9;BOX_1030_000165
5415350;S9;BOX_1030_000166
5429910;S9;BOX_1030_000167
5447650;S9;BOX_1030_000168
5683290;S9;BOX_1030_000169
5699610;S9;BOX_1030_000170
5723090;S9;BOX_1000_000171
5734710;S9;BOX_1000_000172
5745970;S9;BOX_1000_000173
5757820;S9;BOX_1000_000174
5768460;S9;BOX_1000_000175
5779410;S9;BOX_1000_000176
5792240;S9;BOX_1000_000177
5802190;S9;BOX_1000_000178
5814850;S9;BOX_1000_000179
5825140;S9;BOX_1000_000180
5837490;S9;BOX_1000_000181
5849500;S9;BOX_1000_000182
5860520;S9;BOX_1000_000183
5873270;S9;BOX_1000_000184
5884270;S9;BOX_1000_000185
5895770;S9;BOX_1000_000186
5906800;S9;BOX_1000_000187
6338600;S9;BOX_1010_000188
6355260;S9;BOX_1010_000189
6371470;S9;BOX_1010_000190
6389720;S9;BOX_1010_000191
6422250;S9;BOX_1010_000192
6452170;S9;BOX_1010_000193
6481900;S9;BOX_1010_000194
6515810;S9;BOX_1010_000195
6544770;S9;BOX_1010_000196
6575830;S9;BOX_1010_000197
6606980;S9;BOX_1010_000198
6636460;S9;BOX_1010_000199
6667490;S9;BOX_1010_000200
6697460;S9;BOX_1010_000201
6727250;S9;BOX_1010_000202
6760180;S9;BOX_1010_000203
6788780;S9;BOX_1010_000204
6818620;S9;BOX_1010_000205
6849500;S9;BOX_1010_000206
6878250;S9;BOX_1010_000207
6911850;S9;BOX_1010_000208
6944130;S9;BOX_1010_000209
6978460;S9;BOX_1020_000210
6999560;S9;BOX_1020_000211
7019400;S9;BOX_1020_000212
7040590;S9;BOX_1020_000213
7245010;S9;BOX_1020_000214
7253410;S9;BOX_1020_000215
7267870;S9;BOX_1020_000216
7289110;S9;BOX_1020_000217
7309240;S9;BOX_1020_000218
7330780;S9;BOX_1020_000219
7351400;S9;BOX_1020_000220
7373470;S9;BOX_1020_000221
7394390;S9;BOX_1020_000222
7415360;S9;BOX_1020_000223
7436190;S9;BOX_1020_000224
7457380;S9;BOX_1020_000225
7598440;S9;BOX_1020_000226
7609540;S9;BOX_1020_000227
7626390;S9;BOX_1030_000228
7642360;S9;BOX_1030_000229
7657030;S9;BOX_1030_000230
7673580;S9;BOX_1030_000231
7689420;S9;BOX_1030_000232
7706250;S9;BOX_1030_000233
7721510;S9;BOX_1030_000234
7738510;S9;BOX_1030_000235
7755100;S9;BOX_1030_000236
7769630;S9;BOX_1030_000237
7893680;S9;BOX_1030_000238
7909390;S9;BOX_1030_000239
7925900;S9;BOX_1030_000240
7941340;S9;BOX_1030_000241
7971220;S9;BOX_1030_000242
8061770;S9;BOX_1030_000243
8081670;S9;BOX_1030_000244
8099030;S9;BOX_1030_000245
8114010;S9;BOX_1030_000246
8347040;S9;BOX_1030_000247
8355390;S9;BOX_1030_000248
8363510;S9;BOX_1030_000249
8371320;S9;BOX_1030_000250
8379830;S9;BOX_1030_000251
8387450;S9;BOX_1030_000252
8398230;S9;BOX_1030_000253
8495550;S9;BOX_1000_000254
8506480;S9;BOX_1000_000255
8518720;S9;BOX_1000_000256
8530680;S9;BOX_1000_000257
8549750;S9;BOX_1000_000258
8574700;S9;BOX_1000_000259
8596110;S9;BOX_1000_000260
8617590;S9;BOX_1000_000261
8640890;S9;BOX_1000_000262
8662830;S9;BOX_1000_000263
8682680;S9;BOX_1000_000264
8704030;S9;BOX_1000_000265
8725960;S9;BOX_1000_000266
8746660;S9;BOX_1000_000267
8767840;S9;BOX_1000_000268
8787900;S9;BOX_1000_000269
8833460;S9;BOX_1010_000270
8864290;S9;BOX_1010_000271
8893530;S9;BOX_1010_000272
8924270;S9;BOX_1010_000273
8953930;S9;BOX_1010_000274
9099730;S9;BOX_1010_000275
9115960;S9;BOX_1010_000276
9131580;S9;BOX_1010_000277
9378810;S9;BOX_1010_000278
9387580;S9;BOX_1010_000279
9395650;S9;BOX_1010_000280
9403780;S9;BOX_1010_000281
9516710;S9;BOX_1010_000282
9532350;S9;BOX_1010_000283
9548830;S9;BOX_1010_000284
9565550;S9;BOX_1010_000285
9582570;S9;BOX_1010_000286
9599440;S9;BOX_1010_000287
9616710;S9;BOX_1010_000288
9633410;S9;BOX_1010_000289
9648730;S9;BOX_1010_000290
9665710;S9;BOX_1010_000291
9686520;S9;BOX_1020_000292
9696740;S9;BOX_1020_000293
9708200;S9;BOX_1020_000294
9720340;S9;BOX_1020_000295
9731450;S9;BOX_1020_000296
9743770;S9;BOX_1020_000297
9755780;S9;BOX_1020_000298
9767280;S9;BOX_1020_000299
9787170;S9;BOX_1020_000300
9807980;S9;BOX_1020_000301
9828790;S9;BOX_1020_000302
9849780;S9;BOX_1020_000303
9870730;S9;BOX_1020_000304
9892120;S9;BOX_1020_000305
9912310;S9;BOX_1020_000306
9933210;S9;BOX_1020_000307
9955500;S9;BOX_1020_000308
9975680;S9;BOX_1020_000309
10017720;S9;BOX_1030_000310
10657790;S9;BOX_1030_000311
10681080;S9;BOX_1030_000312
10704040;S9;BOX_1030_000313
10729950;S9;BOX_1030_000314
10753250;S9;BOX_1030_000315
10777670;S9;BOX_1030_000316
10800380;S9;BOX_1030_000317
10825420;S9;BOX_1030_000318
10848400;S9;BOX_1030_000319
10904020;S9;BOX_1030_000320
10912730;S9;BOX_1030_000321
10920050;S9;BOX_1030_000322
10947510;S9;BOX_1030_000323
10971210;S9;BOX_1030_000324
10995480;S9;BOX_1030_000325
11020420;S9;BOX_1030_000326
11045510;S9;BOX_1030_000327
11070010;S9;BOX_1030_000328
11093770;S9;BOX_1030_000329
11117900;S9;BOX_1030_000330
11142150;S9;BOX_1030_000331
11166630;S9;BOX_1030_000332
11191170;S9;BOX_1030_000333
11215520;S9;BOX_1030_000334
11239110;S9;BOX_1030_000335
11486880;S9;BOX_1030_000336
11494860;S9;BOX_1030_000337
11628550;S9;BOX_1030_000338
11680540;S9;BOX_1000_000339
11701820;S9;BOX_1000_000340
11721780;S9;BOX_1000_000341
11747190;S9;BOX_1000_000342
11796390;S9;BOX_1000_000343
11804990;S9;BOX_1000_000344
11817160;S9;BOX_1000_000345
11838770;S9;BOX_1000_000346
11859490;S9;BOX_1000_000347
11880900;S9;BOX_1000_000348
11901320;S9;BOX_1000_000349
11922270;S9;BOX_1000_000350
11942850;S9;BOX_1000_000351
11963810;S9;BOX_1000_000352
11984210;S9;BOX_1000_000353
12009800;S9;BOX_1000_000354
12070090;S9;BOX_1000_000355
12077560;S9;BOX_1010_000356
12108680;S9;BOX_1010_000357
12139340;S9;BOX_1010_000358
12170390;S9;BOX_1010_000359
12200970;S9;BOX_1010_000360
12230990;S9;BOX_1010_000361
12259610;S9;BOX_1010_000362
12541460;S9;BOX_1010_000363
12549770;S9;BOX_1010_000364
12557710;S9;BOX_1010_000365
12619810;S9;BOX_1010_000366
12650100;S9;BOX_1010_000367
12680960;S9;BOX_1010_000368
12710480;S9;BOX_1010_000369
12741150;S9;BOX_1010_000370
12769800;S9;BOX_1010_000371
12922140;S9;BOX_1010_000372
12945060;S9;BOX_1010_000373
12961310;S9;BOX_1010_000374
12976960;S9;BOX_1010_000375
12994400;S9;BOX_1010_000376
13018250;S9;BOX_1020_000377
13039260;S9;BOX_1020_000378
13059310;S9;BOX_1020_000379
13079790;S9;BOX_1020_000380
13102240;S9;BOX_1020_000381
13125760;S9;BOX_1020_000382
13147160;S9;BOX_1020_000383
13168470;S9;BOX_1020_000384
13514030;S9;BOX_1020_000385
13522020;S9;BOX_1020_000386
13529670;S9;BOX_1020_000387
13538290;S9;BOX_1020_000388
13546860;S9;BOX_1020_000389
13554370;S9;BOX_1020_000390
13561740;S9;BOX_1020_000391
13578120;S9;BOX_1030_000392
13705890;S9;BOX_1030_000393
13725120;S9;BOX_1030_000394
13750570;S9;BOX_1030_000395
13774870;S9;BOX_1030_000396
13798580;S9;BOX_1030_000397
13821850;S9;BOX_1030_000398
13845110;S9;BOX_1030_000399
13872680;S9;BOX_1030_000400
13896370;S9;BOX_1030_000401
13918830;S9;BOX_1030_000402
13942960;S9;BOX_1030_000403
13968180;S9;BOX_1030_000404
13992160;S9;BOX_1030_000405
14016370;S9;BOX_1030_000406
14039750;S9;BOX_1030_000407
14628980;S9;BOX_1030_000408
14653580;S9;BOX_1030_000409
14677400;S9;BOX_1030_000410
14700490;S9;BOX_1030_000411
14726650;S9;BOX_1030_000412
14787840;S9;BOX_1030_000413
14795640;S9;BOX_1030_000414
14804010;S9;BOX_1030_000415
14823520;S9;BOX_1030_000416
14847680;S9;BOX_1030_000417
14871850;S9;BOX_1030_000418
14895130;S9;BOX_1030_000419
14918840;S9;BOX_1030_000420
14970860;S9;BOX_1000_000421
14992220;S9;BOX_1000_000422
15014560;S9;BOX_1000_000423
15184430;S9;BOX_1000_000424
15196750;S9;BOX_1000_000425
15208550;S9;BOX_1000_000426
15220700;S9;BOX_1000_000427
15231160;S9;BOX_1000_000428
15243780;S9;BOX_1000_000429
15254690;S9;BOX_1000_000430
15265750;S9;BOX_1000_000431
15279260;S9;BOX_1000_000432
15297290;S9;BOX_1000_000433
15318790;S9;BOX_1000_000434
15339250;S9;BOX_1000_000435
15367960;S9;BOX_1000_000436
15617850;S9;BOX_1010_000437
15625600;S9;BOX_1010_000438
15633740;S9;BOX_1010_000439
15641610;S9;BOX_1010_000440
15695230;S9;BOX_1010_000441
15725290;S9;BOX_1010_000442
15754010;S9;BOX_1010_000443
15787180;S9;BOX_1010_000444
15816930;S9;BOX_1010_000445
15847720;S9;BOX_1010_000446
15877330;S9;BOX_1010_000447
15908080;S9;BOX_1010_000448
15940030;S9;BOX_1010_000449
15971030;S9;BOX_1010_000450
16000240;S9;BOX_1010_000451
16032750;S9;BOX_1010_000452
16064650;S9;BOX_1010_000453
16095440;S9;BOX_1010_000454
16125920;S9;BOX_1010_000455
16154360;S9;BOX_1010_000456
16184750;S9;BOX_1010_000457
16214870;S9;BOX_1010_000458
16244360;S9;BOX_1010_000459
16288360;S9;BOX_1020_000460
16309560;S9;BOX_1020_000461
16330490;S9;BOX_1020_000462
16660230;S9;BOX_1020_000463
16667930;S9;BOX_1020_000464
16675400;S9;BOX_1020_000465
16710740;S9;BOX_1020_000466
16730940;S9;BOX_1020_000467
16752780;S9;BOX_1020_000468
16772730;S9;BOX_1020_000469
16794260;S9;BOX_1020_000470
16815040;S9;BOX_1020_000471
16836710;S9;BOX_1020_000472
16858250;S9;BOX_1020_000473
16878810;S9;BOX_1020_000474
16899820;S9;BOX_1020_000475
16920280;S9;BOX_1020_000476
16941160;S9;BOX_1020_000477
17090110;S9;BOX_1030_000478
17105720;S9;BOX_1030_000479
17123270;S9;BOX_1030_000480
17140180;S9;BOX_1030_000481
17156730;S9;BOX_1030_000482
17173070;S9;BOX_1030_000483
17188390;S9;BOX_1030_000484
17204450;S9;BOX_1030_000485
17287430;S9;BOX_1030_000486
17294690;S9;BOX_1030_000487
17302750;S9;BOX_1030_000488
17311060;S9;BOX_1030_000489
17319680;S9;BOX_1030_000490
17328070;S9;BOX_1030_000491
17340880;S9;BOX_1030_000492
17355330;S9;BOX_1030_000493
17371270;S9;BOX_1030_000494
17385890;S9;BOX_1030_000495
17406920;S9;BOX_1030_000496
17431590;S9;BOX_1030_000497
17455820;S9;BOX_1030_000498
17481940;S9;BOX_1030_000499
17509080;S9;BOX_1030_000500
17532730;S9;BOX_1030_000501
17741840;S9;BOX_1030_000502
17750470;S9;BOX_1030_000503
17759000;S9;BOX_1030_000504
17766940;S9;BOX_1030_000505
17774310;S9;BOX_1030_000506
17782960;S9;BOX_1000_000507
17791300;S9;BOX_1000_000508
17799320;S9;BOX_1000_000509
17808670;S9;BOX_1000_000510
17819610;S9;BOX_1000_000511
17832210;S9;BOX_1000_000512
17971650;S9;BOX_1000_000513
17985300;S9;BOX_1000_000514
17996330;S9;BOX_1000_000515
18007440;S9;BOX_1000_000516
18050770;S9;BOX_1000_000517
18058500;S9;BOX_1000_000518
18104770;S9;BOX_1000_000519
18116310;S9;BOX_1000_000520
18127600;S9;BOX_1000_000521
18141710;S9;BOX_1000_000522
18200280;S9;BOX_1010_000523
18234280;S9;BOX_1010_000524
18264330;S9;BOX_1010_000525
18293150;S9;BOX_1010_000526
18382910;S9;BOX_1010_000527
18404080;S9;BOX_1010_000528
18422780;S9;BOX_1010_000529
18453360;S9;BOX_1010_000530
18483680;S9;BOX_1010_000531
18513630;S9;BOX_1010_000532
18544150;S9;BOX_1010_000533
18575410;S9;BOX_1010_000534
18805730;S9;BOX_1010_000535
18813870;S9;BOX_1010_000536
18821510;S9;BOX_1010_000537
18829670;S9;BOX_1010_000538
18916860;S9;BOX_1010_000539
18934420;S9;BOX_1010_000540
18951850;S9;BOX_1010_000541
18967540;S9;BOX_1010_000542
18985560;S9;BOX_1010_000543
19001180;S9;BOX_1010_000544
19027250;S9;BOX_1010_000545
19083360;S9;BOX_1020_000546
19281390;S9;BOX_1020_000547
19303010;S9;BOX_1020_000548
19323670;S9;BOX_1020_000549
19344670;S9;BOX_1020_000550
19365240;S9;BOX_1020_000551
19386920;S9;BOX_1020_000552
19407030;S9;BOX_1020_000553
19428100;S9;BOX_1020_000554
19449600;S9;BOX_1020_000555
19470980;S9;BOX_1020_000556
19491600;S9;BOX_1020_000557
19513070;S9;BOX_1020_000558
19533450;S9;BOX_1020_000559
19555960;S9;BOX_1020_000560
19576240;S9;BOX_1020_000561
19597910;S9;BOX_1020_000562
19617860;S9;BOX_1020_000563
19656710;S9;BOX_1030_000564
19876720;S9;BOX_1030_000565
19885460;S9;BOX_1030_000566
19892890;S9;BOX_1030_000567
19901420;S9;BOX_1030_000568
19909510;S9;BOX_1030_000569
19917080;S9;BOX_1030_000570
19933070;S9;BOX_1030_000571
19949190;S9;BOX_1030_000572
19965310;S9;BOX_1030_000573
19983140;S9;BOX_1030_000574
20000010;S9;BOX_1030_000575
20015120;S9;BOX_1030_000576
20032200;S9;BOX_1030_000577
20048830;S9;BOX_1030_000578
20086230;S9;BOX_1030_000579
20102980;S9;BOX_1030_000580
20119450;S9;BOX_1030_000581
20135390;S9;BOX_1030_000582
20152240;S9;BOX_1030_000583
20167940;S9;BOX_1030_000584
20192440;S9;BOX_1030_000585
20216600;S9;BOX_1030_000586
20240970;S9;BOX_1030_000587
20264560;S9;BOX_1030_000588
20288930;S9;BOX_1030_000589
20314040;S9;BOX_1030_000590
20337630;S9;BOX_1030_000591
20442580;S9;BOX_1030_000592
20488030;S9;BOX_1000_000593
20509590;S9;BOX_1000_000594
20530150;S9;BOX_1000_000595
20551440;S9;BOX_1000_000596
20627340;S9;BOX_1000_000597
20639490;S9;BOX_1000_000598
20651140;S9;BOX_1000_000599
20936780;S9;BOX_1000_000600
20944450;S9;BOX_1000_000601
20952490;S9;BOX_1000_000602
20960620;S9;BOX_1000_000603
21057680;S9;BOX_1000_000604
21066120;S9;BOX_1000_000605
21073450;S9;BOX_1000_000606
21081490;S9;BOX_1000_000607
21090370;S9;BOX_1000_000608
21098910;S9;BOX_1000_000609
21109820;S9;BOX_1010_000610
21125800;S9;BOX_1010_000611
21142560;S9;BOX_1010_000612
21159270;S9;BOX_1010_000613
21186770;S9;BOX_1010_000614
21216820;S9;BOX_1010_000615
21293160;S9;BOX_1010_000616
21309370;S9;BOX_1010_000617
21327870;S9;BOX_1010_000618
21358360;S9;BOX_1010_000619
21390250;S9;BOX_1010_000620
21421810;S9;BOX_1010_000621
21451250;S9;BOX_1010_000622
21481320;S9;BOX_1010_000623
21631930;S9;BOX_1010_000624
21647960;S9;BOX_1010_000625
21690920;S9;BOX_1010_000626
21980640;S9;BOX_1010_000627
22010070;S9;BOX_1010_000628
22039870;S9;BOX_1010_000629
22070030;S9;BOX_1010_000630
22102100;S9;BOX_1010_000631
22132680;S9;BOX_1010_000632
22181810;S9;BOX_1020_000633
22202650;S9;BOX_1020_000634
22223750;S9;BOX_1020_000635
22244230;S9;BOX_1020_000636
22264940;S9;BOX_1020_000637
22286250;S9;BOX_1020_000638
22307980;S9;BOX_1020_000639
22332600;S9;BOX_1020_000640
22353010;S9;BOX_1020_000641
22375060;S9;BOX_1020_000642
22395630;S9;BOX_1020_000643
22416500;S9;BOX_1020_000644
22437030;S9;BOX_1020_000645
22458750;S9;BOX_1020_000646
22483120;S9;BOX_1020_000647
22504030;S9;BOX_1020_000648
22525900;S9;BOX_1020_000649
22683940;S9;BOX_1030_000650
22888080;S9;BOX_1030_000651
22895510;S9;BOX_1030_000652
22904270;S9;BOX_1030_000653
22912640;S9;BOX_1030_000654
22920800;S9;BOX_1030_000655
22928340;S9;BOX_1030_000656
22937270;S9;BOX_1030_000657
22953670;S9;BOX_1030_000658
22970150;S9;BOX_1030_000659
22987220;S9;BOX_1030_000660
23003090;S9;BOX_1030_000661
23019400;S9;BOX_1030_000662
23086490;S9;BOX_1030_000663
23094520;S9;BOX_1030_000664
23102410;S9;BOX_1030_000665
23110940;S9;BOX_1030_000666
23118930;S9;BOX_1030_000667
23133050;S9;BOX_1030_000668
23156440;S9;BOX_1030_000669
23179920;S9;BOX_1030_000670
23204310;S9;BOX_1030_000671
23228700;S9;BOX_1030_000672
23253020;S9;BOX_1030_000673
23275820;S9;BOX_1030_000674
23302670;S9;BOX_1030_000675
23326040;S9;BOX_1030_000676
23350640;S9;BOX_1030_000677
23403650;S9;BOX_1000_000678
23425330;S9;BOX_1000_000679
23445750;S9;BOX_1000_000680
23467190;S9;BOX_1000_000681
23488110;S9;BOX_1000_000682
23509150;S9;BOX_1000_000683
23974380;S9;BOX_1000_000684
23982960;S9;BOX_1000_000685
23991560;S9;BOX_1000_000686
23999700;S9;BOX_1000_000687
24007390;S9;BOX_1000_000688
24015060;S9;BOX_1000_000689
24023130;S9;BOX_1000_000690
24089730;S9;BOX_1000_000691
24103780;S9;BOX_1000_000692
24127570;S9;BOX_1010_000693
24158330;S9;BOX_1010_000694
24188010;S9;BOX_1010_000695
24218350;S9;BOX_1010_000696
24248320;S9;BOX_1010_000697
24396440;S9;BOX_1010_000698
24414810;S9;BOX_1010_000699
24430800;S9;BOX_1010_000700
24580360;S9;BOX_1010_000701
24597730;S9;BOX_1010_000702
24614210;S9;BOX_1010_000703
24631530;S9;BOX_1010_000704
24649480;S9;BOX_1010_000705
24666060;S9;BOX_1010_000706
24682350;S9;BOX_1010_000707
24698310;S9;BOX_1010_000708
24714710;S9;BOX_1010_000709
24730850;S9;BOX_1010_000710
25069260;S9;BOX_1010_000711
25077500;S9;BOX_1010_000712
25085690;S9;BOX_1010_000713
25093940;S9;BOX_1010_000714
25103350;S9;BOX_1020_000715
25112230;S9;BOX_1020_000716
25133420;S9;BOX_1020_000717
25154770;S9;BOX_1020_000718
25175440;S9;BOX_1020_000719
25196170;S9;BOX_1020_000720
25217390;S9;BOX_1020_000721
25239000;S9;BOX_1020_000722
25259400;S9;BOX_1020_000723
25281720;S9;BOX_1020_000724
25301230;S9;BOX_1020_000725
25322970;S9;BOX_1020_000726
25343240;S9;BOX_1020_000727
25365180;S9;BOX_1020_000728
25385570;S9;BOX_1020_000729
25446140;S9;BOX_1020_000730
25453970;S9;BOX_1020_000731
25482040;S9;BOX_1030_000732
25507450;S9;BOX_1030_000733
25530900;S9;BOX_1030_000734
25555880;S9;BOX_1030_000735
25579470;S9;BOX_1030_000736
25603250;S9;BOX_1030_000737
25630110;S9;BOX_1030_000738
25653300;S9;BOX_1030_000739
25677630;S9;BOX_1030_000740
25702180;S9;BOX_1030_000741
26080240;S9;BOX_1030_000742
26087590;S9;BOX_1030_000743
26148820;S9;BOX_1030_000744
26172850;S9;BOX_1030_000745
26216100;S9;BOX_1030_000746
26608500;S9;BOX_1030_000747
26631770;S9;BOX_1030_000748
26656570;S9;BOX_1030_000749
26680920;S9;BOX_1030_000750
26705230;S9;BOX_1030_000751
26728940;S9;BOX_1030_000752
26807700;S9;BOX_1030_000753
26823480;S9;BOX_1030_000754
26839920;S9;BOX_1030_000755
27079640;S9;BOX_1030_000756
27086840;S9;BOX_1030_000757
27095300;S9;BOX_1030_000758
27104270;S9;BOX_1000_000759
27112300;S9;BOX_1000_000760
27120900;S9;BOX_1000_000761
27129770;S9;BOX_1000_000762
27138650;S9;BOX_1000_000763
27148100;S9;BOX_1000_000764
27159480;S9;BOX_1000_000765
27171630;S9;BOX_1000_000766
27182750;S9;BOX_1000_000767
27193900;S9;BOX_1000_000768
27206510;S9;BOX_1000_000769
27217120;S9;BOX_1000_000770
27234730;S9;BOX_1000_000771
27255680;S9;BOX_1000_000772
27276020;S9;BOX_1000_000773
27297860;S9;BOX_1000_000774
27317750;S9;BOX_1000_000775
27375850;S9;BOX_1010_000776
27406830;S9;BOX_1010_000777
27436030;S9;BOX_1010_000778
27466590;S9;BOX_1010_000779
27496900;S9;BOX_1010_000780
27587820;S9;BOX_1010_000781
27603400;S9;BOX_1010_000782
27619750;S9;BOX_1010_000783
27641740;S9;BOX_1010_000784
27670550;S9;BOX_1010_000785
27700710;S9;BOX_1010_000786
28094190;S9;BOX_1010_000787
28102100;S9;BOX_1010_000788
28126180;S9;BOX_1010_000789
28156080;S9;BOX_1010_000790
28185500;S9;BOX_1010_000791
28216000;S9;BOX_1010_000792
28408180;S9;BOX_1010_000793
28424270;S9;BOX_1010_000794
28462310;S9;BOX_1010_000795
28547980;S9;BOX_1010_000796
28564590;S9;BOX_1010_000797
28825510;S9;BOX_1010_000798
28897740;S9;BOX_1020_000799
28909260;S9;BOX_1020_000800
28920300;S9;BOX_1020_000801
29108080;S9;BOX_1020_000802
29116380;S9;BOX_1020_000803
29124340;S9;BOX_1020_000804
29131820;S9;BOX_1020_000805
29139990;S9;BOX_1020_000806
29147660;S9;BOX_1020_000807
29156150;S9;BOX_1020_000808
29164810;S9;BOX_1020_000809
29175850;S9;BOX_1020_000810
29196200;S9;BOX_1020_000811
29217650;S9;BOX_1020_000812
29237870;S9;BOX_1020_000813
29259830;S9;BOX_1020_000814
29308710;S9;BOX_1030_000815
29336570;S9;BOX_1030_000816
29360630;S9;BOX_1030_000817
29384780;S9;BOX_1030_000818
29409260;S9;BOX_1030_000819
29433790;S9;BOX_1030_000820
29457900;S9;BOX_1030_000821
29481140;S9;BOX_1030_000822
29504950;S9;BOX_1030_000823
29528750;S9;BOX_1030_000824
29553980;S9;BOX_1030_000825
29577050;S9;BOX_1030_000826
30343500;S9;BOX_1030_000827
30358880;S9;BOX_1030_000828
30375270;S9;BOX_1030_000829
30392710;S9;BOX_1030_000830
30408130;S9;BOX_1030_000831
30423580;S9;BOX_1030_000832
30439030;S9;BOX_1030_000833
30460950;S9;BOX_1030_000834
31270520;S9;BOX_1030_000835
31278440;S9;BOX_1030_000836
31285800;S9;BOX_1030_000837
31294400;S9;BOX_1030_000838
31344360;S9;BOX_1030_000839
31352120;S9;BOX_1030_000840
31360370;S9;BOX_1030_000841
31367870;S9;BOX_1030_000842
31375880;S9;BOX_1030_000843
31385240;S9;BOX_1000_000844
31393980;S9;BOX_1000_000845
31403170;S9;BOX_1000_000846
31415830;S9;BOX_1000_000847
31436890;S9;BOX_1000_000848
31457080;S9;BOX_1000_000849
31478470;S9;BOX_1000_000850
31502770;S9;BOX_1000_000851
31524330;S9;BOX_1000_000852
31544310;S9;BOX_1000_000853
31569780;S9;BOX_1000_000854
31591020;S9;BOX_1000_000855
31610240;S9;BOX_1000_000856
31632660;S9;BOX_1000_000857
31653210;S9;BOX_1000_000858
31673390;S9;BOX_1000_000859
31694610;S9;BOX_1000_000860
31753370;S9;BOX_1010_000861
31782610;S9;BOX_1010_000862
31813080;S9;BOX_1010_000863
32045350;S9;BOX_1010_000864
32243910;S9;BOX_1010_000865
32252680;S9;BOX_1010_000866
32262250;S9;BOX_1010_000867
32278460;S9;BOX_1010_000868
32295300;S9;BOX_1010_000869
32312070;S9;BOX_1010_000870
32327640;S9;BOX_1010_000871
32343520;S9;BOX_1010_000872
32360770;S9;BOX_1010_000873
32376340;S9;BOX_1010_000874
32391920;S9;BOX_1010_000875
32411200;S9;BOX_1010_000876
32441910;S9;BOX_1010_000877
32471610;S9;BOX_1010_000878
32501100;S9;BOX_1010_000879
32531560;S9;BOX_1010_000880
32561620;S9;BOX_1010_000881
32729430;S9;BOX_1010_000882
32758750;S9;BOX_1010_000883
32807530;S9;BOX_1020_000884
32829150;S9;BOX_1020_000885
32849880;S9;BOX_1020_000886
32870460;S9;BOX_1020_000887
32893340;S9;BOX_1020_000888
32913220;S9;BOX_1020_000889
32934680;S9;BOX_1020_000890
32955620;S9;BOX_1020_000891
32976750;S9;BOX_1020_000892
32997050;S9;BOX_1020_000893
33017500;S9;BOX_1020_000894
33039440;S9;BOX_1020_000895
33060180;S9;BOX_1020_000896
33316970;S9;BOX_1020_000897
33325320;S9;BOX_1020_000898
33333120;S9;BOX_1020_000899
33341050;S9;BOX_1020_000900
33348530;S9;BOX_1020_000901
33457580;S9;BOX_1030_000902
33465800;S9;BOX_1030_000903
33503920;S9;BOX_1030_000904
33527870;S9;BOX_1030_000905
33550790;S9;BOX_1030_000906
33575660;S9;BOX_1030_000907
33602120;S9;BOX_1030_000908
33625740;S9;BOX_1030_000909
33649500;S9;BOX_1030_000910
33673440;S9;BOX_1030_000911
33698210;S9;BOX_1030_000912
33723300;S9;BOX_1030_000913
33747400;S9;BOX_1030_000914
33771220;S9;BOX_1030_000915
33796000;S9;BOX_1030_000916
33820330;S9;BOX_1030_000917
33843990;S9;BOX_1030_000918
33867350;S9;BOX_1030_000919
33891660;S9;BOX_1030_000920
34391130;S9;BOX_1030_000921
34399580;S9;BOX_1030_000922
34407180;S9;BOX_1030_000923
34415590;S9;BOX_1030_000924
34422920;S9;BOX_1030_000925
34432600;S9;BOX_1030_000926
34448250;S9;BOX_1030_000927
34463960;S9;BOX_1030_000928
34483810;S9;BOX_1030_000929
34508190;S9;BOX_1030_000930
34555040;S9;BOX_1000_000931
34576210;S9;BOX_1000_000932
34606560;S9;BOX_1000_000933
34619270;S9;BOX_1000_000934
34639110;S9;BOX_1000_000935
34663300;S9;BOX_1000_000936
34685540;S9;BOX_1000_000937
34705480;S9;BOX_1000_000938
34726420;S9;BOX_1000_000939
34748080;S9;BOX_1000_000940
34768100;S9;BOX_1000_000941
34789600;S9;BOX_1000_000942
34810940;S9;BOX_1000_000943
34831990;S9;BOX_1000_000944
34852990;S9;BOX_1000_000945
34873270;S9;BOX_1000_000946
35494070;S9;BOX_1000_000947
35505010;S9;BOX_1010_000948
35513040;S9;BOX_1010_000949
35520820;S9;BOX_1010_000950
35528650;S9;BOX_1010_000951
35543870;S9;BOX_1010_000952
35560630;S9;BOX_1010_000953
35578720;S9;BOX_1010_000954
35601950;S9;BOX_1010_000955
35635180;S9;BOX_1010_000956
35663770;S9;BOX_1010_000957
35694100;S9;BOX_1010_000958
35845650;S9;BOX_1010_000959
36032300;S9;BOX_1010_000960
36050140;S9;BOX_1010_000961
36066870;S9;BOX_1010_000962
36085080;S9;BOX_1010_000963
36101060;S9;BOX_1010_000964
36116750;S9;BOX_1010_000965
36134980;S9;BOX_1010_000966
36150930;S9;BOX_1010_000967
36169780;S9;BOX_1010_000968
36185720;S9;BOX_1010_000969
36204960;S9;BOX_1020_000970
36214890;S9;BOX_1020_000971
36227960;S9;BOX_1020_000972
36239410;S9;BOX_1020_000973
36966670;S9;BOX_1020_000974
36987320;S9;BOX_1020_000975
37009280;S9;BOX_1020_000976
37030500;S9;BOX_1020_000977
37050850;S9;BOX_1020_000978
37072430;S9;BOX_1020_000979
37092600;S9;BOX_1020_000980
37113790;S9;BOX_1020_000981
37134280;S9;BOX_1020_000982
37155070;S9;BOX_1020_000983
37176390;S9;BOX_1020_000984
37197350;S9;BOX_1020_000985
37219670;S9;BOX_1020_000986
37239930;S9;BOX_1020_000987
37277580;S9;BOX_1030_000988
37301130;S9;BOX_1030_000989
37523390;S9;BOX_1030_000990
37531650;S9;BOX_1030_000991
37540170;S9;BOX_1030_000992
37548820;S9;BOX_1030_000993
37556970;S9;BOX_1030_000994
37565610;S9;BOX_1030_000995
37579150;S9;BOX_1030_000996
37708800;S9;BOX_1030_000997
37887330;S9;BOX_1030_000998
37904970;S9;BOX_1030_000999
37921120;S9;BOX_1030_001000
37937770;S9;BOX_1030_001001
37954110;S9;BOX_1030_001002
37971620;S9;BOX_1030_001003
37988330;S9;BOX_1030_001004
38003560;S9;BOX_1030_001005
38019000;S9;BOX_1030_001006
38034960;S9;BOX_1030_001007
38050750;S9;BOX_1030_001008
38066420;S9;BOX_1030_001009
38083100;S9;BOX_1030_001010
38099850;S9;BOX_1030_001011
38122390;S9;BOX_1030_001012
38145720;S9;BOX_1030_001013
38170470;S9;BOX_1030_001014
38194270;S9;BOX_1030_001015
38662830;S9;BOX_1000_001016
38683370;S9;BOX_1000_001017
38705930;S9;BOX_1000_001018
38729870;S9;BOX_1000_001019
38751630;S9;BOX_1000_001020
38775640;S9;BOX_1000_001021
38855560;S9;BOX_1000_001022
38866310;S9;BOX_1000_001023
38877970;S9;BOX_1000_001024
38890270;S9;BOX_1000_001025
38907860;S9;BOX_1000_001026
38932430;S9;BOX_1000_001027
38953450;S9;BOX_1000_001028
38977800;S9;BOX_1000_001029
39002440;S9;BOX_1000_001030
39061240;S9;BOX_1010_001031
39091180;S9;BOX_1010_001032
39121440;S9;BOX_1010_001033
39154050;S9;BOX_1010_001034
39186440;S9;BOX_1010_001035
39569600;S9;BOX_1010_001036
39577370;S9;BOX_1010_001037
39585150;S9;BOX_1010_001038
39593910;S9;BOX_1010_001039
39602080;S9;BOX_1010_001040
39609920;S9;BOX_1010_001041
39825170;S9;BOX_1010_001042
39841590;S9;BOX_1010_001043
39858500;S9;BOX_1010_001044
39876160;S9;BOX_1010_001045
39891840;S9;BOX_1010_001046
39908330;S9;BOX_1010_001047
39924780;S9;BOX_1010_001048
39941780;S9;BOX_1010_001049
39957690;S9;BOX_1010_001050
39972980;S9;BOX_1010_001051
39989830;S9;BOX_1010_001052
40156890;S9;BOX_1010_001053
40188670;S9;BOX_1020_001054
40209520;S9;BOX_1020_001055
40231340;S9;BOX_1020_001056
40252460;S9;BOX_1020_001057
40274030;S9;BOX_1020_001058
40294290;S9;BOX_1020_001059
40314880;S9;BOX_1020_001060
40336410;S9;BOX_1020_001061
40361700;S9;BOX_1020_001062
40385280;S9;BOX_1020_001063
40406570;S9;BOX_1020_001064
40628400;S9;BOX_1020_001065
40636780;S9;BOX_1020_001066
40644850;S9;BOX_1020_001067
40652530;S9;BOX_1020_001068
40661520;S9;BOX_1020_001069
40669860;S9;BOX_1020_001070
40683680;S9;BOX_1030_001071
40698850;S9;BOX_1030_001072
40716460;S9;BOX_1030_001073
40732160;S9;BOX_1030_001074
40749710;S9;BOX_1030_001075
40765620;S9;BOX_1030_001076
40780970;S9;BOX_1030_001077
40798440;S9;BOX_1030_001078
41237920;S9;BOX_1030_001079
41261850;S9;BOX_1030_001080
41285270;S9;BOX_1030_001081
41309970;S9;BOX_1030_001082
41334180;S9;BOX_1030_001083
41357930;S9;BOX_1030_001084
41384070;S9;BOX_1030_001085
41430680;S9;BOX_1030_001086
41684260;S9;BOX_1030_001087
41692770;S9;BOX_1030_001088
41701390;S9;BOX_1030_001089
41709720;S9;BOX_1030_001090
41758560;S9;BOX_1030_001091
41782620;S9;BOX_1030_001092
41805780;S9;BOX_1030_001093
41831140;S9;BOX_1030_001094
42216840;S9;BOX_1030_001095
42233730;S9;BOX_1030_001096
42249570;S9;BOX_1030_001097
42265850;S9;BOX_1030_001098
42303150;S9;BOX_1000_001099
42324770;S9;BOX_1000_001100
42346230;S9;BOX_1000_001101
42366970;S9;BOX_1000_001102
42387450;S9;BOX_1000_001103
42409610;S9;BOX_1000_001104
42430670;S9;BOX_1000_001105
42450830;S9;BOX_1000_001106
42471560;S9;BOX_1000_001107
42670380;S9;BOX_1000_001108
42678580;S9;BOX_1000_001109
42686690;S9;BOX_1000_001110
42695360;S9;BOX_1000_001111
42703210;S9;BOX_1000_001112
42711060;S9;BOX_1000_001113
42718420;S9;BOX_1000_001114
42726590;S9;BOX_1000_001115
42738690;S9;BOX_1000_001116
42787400;S9;BOX_1010_001117
42816930;S9;BOX_1010_001118
42846160;S9;BOX_1010_001119
42876280;S9;BOX_1010_001120
42906960;S9;BOX_1010_001121
42937700;S9;BOX_1010_001122
42967440;S9;BOX_1010_001123
42996330;S9;BOX_1010_001124
43025730;S9;BOX_1010_001125
43056270;S9;BOX_1010_001126
43085720;S9;BOX_1010_001127
43123980;S9;BOX_1010_001128
43149000;S9;BOX_1010_001129
43297940;S9;BOX_1010_001130
43314670;S9;BOX_1010_001131
43331210;S9;BOX_1010_001132
43347650;S9;BOX_1010_001133
43405410;S9;BOX_1010_001134
43644710;S9;BOX_1010_001135
43652900;S9;BOX_1010_001136
43661590;S9;BOX_1010_001137
43708330;S9;BOX_1010_001138
43747000;S9;BOX_1020_001139
43767640;S9;BOX_1020_001140
43789030;S9;BOX_1020_001141
43810260;S9;BOX_1020_001142
43831100;S9;BOX_1020_001143
43852590;S9;BOX_1020_001144
44023620;S9;BOX_1020_001145
44033990;S9;BOX_1020_001146
44046280;S9;BOX_1020_001147
44062270;S9;BOX_1020_001148
44082960;S9;BOX_1020_001149
44104750;S9;BOX_1020_001150
44126060;S9;BOX_1020_001151
44146110;S9;BOX_1020_001152
44167370;S9;BOX_1020_001153
44248910;S9;BOX_1020_001154
44264840;S9;BOX_1020_001155
44291020;S9;BOX_1030_001156
44312040;S9;BOX_1030_001157
44337050;S9;BOX_1030_001158
44361100;S9;BOX_1030_001159
44385100;S9;BOX_1030_001160
44408910;S9;BOX_1030_001161
44788170;S9;BOX_1030_001162
44811630;S9;BOX_1030_001163
44836200;S9;BOX_1030_001164
44859850;S9;BOX_1030_001165
44884460;S9;BOX_1030_001166
44908170;S9;BOX_1030_001167
44955480;S9;BOX_1030_001168
44963270;S9;BOX_1030_001169
44980040;S9;BOX_1030_001170
45016290;S9;BOX_1030_001171
45041280;S9;BOX_1030_001172
45063700;S9;BOX_1030_001173
45088260;S9;BOX_1030_001174
45801000;S9;BOX_1030_001175
45826010;S9;BOX_1030_001176
45848470;S9;BOX_1030_001177
45873360;S9;BOX_1030_001178
45896260;S9;BOX_1030_001179
45920470;S9;BOX_1030_001180
45946600;S9;BOX_1030_001181
45969440;S9;BOX_1030_001182
45994260;S9;BOX_1030_001183
46019110;S9;BOX_1030_001184
46065930;S9;BOX_1000_001185
46086400;S9;BOX_1000_001186
46107140;S9;BOX_1000_001187
46127020;S9;BOX_1000_001188
46152410;S9;BOX_1000_001189
46800350;S9;BOX_1000_001190
46843360;S9;BOX_1000_001191
46854410;S9;BOX_1000_001192
46867610;S9;BOX_1000_001193
46878900;S9;BOX_1000_001194
46892210;S9;BOX_1000_001195
46903170;S9;BOX_1000_001196
46921810;S9;BOX_1000_001197
46946900;S9;BOX_1000_001198
46971370;S9;BOX_1000_001199
46991570;S9;BOX_1000_001200
47038020;S9;BOX_1010_001201
47235240;S9;BOX_1010_001202
47251270;S9;BOX_1010_001203
47268840;S9;BOX_1010_001204
47284850;S9;BOX_1010_001205
47302080;S9;BOX_1010_001206
47319180;S9;BOX_1010_001207
47336210;S9;BOX_1010_001208
47357350;S9;BOX_1010_001209
47808090;S9;BOX_1010_001210
47815560;S9;BOX_1010_001211
47823920;S9;BOX_1010_001212
47831990;S9;BOX_1010_001213
47839520;S9;BOX_1010_001214
47848450;S9;BOX_1010_001215
47864970;S9;BOX_1010_001216
47882120;S9;BOX_1010_001217
47900090;S9;BOX_1010_001218
47929950;S9;BOX_1010_001219
47960520;S9;BOX_1010_001220
47992010;S9;BOX_1010_001221
48023140;S9;BOX_1010_001222
48918530;S9;BOX_1020_001223
48927290;S9;BOX_1020_001224
48935410;S9;BOX_1020_001225
48943230;S9;BOX_1020_001226
48950880;S9;BOX_1020_001227
48958530;S9;BOX_1020_001228
49097640;S9;BOX_1020_001229
49109140;S9;BOX_1020_001230
49122090;S9;BOX_1020_001231
49132220;S9;BOX_1020_001232
49195490;S9;BOX_1020_001233
49203730;S9;BOX_1020_001234
49211210;S9;BOX_1020_001235
49219280;S9;BOX_1020_001236
49227530;S9;BOX_1020_001237
49235750;S9;BOX_1020_001238
49244100;S9;BOX_1020_001239
49261720;S9;BOX_1030_001240
49277830;S9;BOX_1030_001241
49294260;S9;BOX_1030_001242
49311630;S9;BOX_1030_001243
49328060;S9;BOX_1030_001244
49346030;S9;BOX_1030_001245
49360610;S9;BOX_1030_001246
49382920;S9;BOX_1030_001247
49406390;S9;BOX_1030_001248
49429690;S9;BOX_1030_001249
49453300;S9;BOX_1030_001250
49596880;S9;BOX_1030_001251
49621530;S9;BOX_1030_001252
49667910;S9;BOX_1030_001253
50500060;S9;BOX_1030_001254
50517250;S9;BOX_1030_001255
50533070;S9;BOX_1030_001256
50548580;S9;BOX_1030_001257
50566650;S9;BOX_1030_001258
50633930;S9;BOX_1030_001259
50641740;S9;BOX_1030_001260
50649610;S9;BOX_1030_001261
50660790;S9;BOX_1030_001262
50684800;S9;BOX_1030_001263
50708360;S9;BOX_1030_001264
51056060;S9;BOX_1030_001265
51064080;S9;BOX_1030_001266
51073710;S9;BOX_1000_001267
51082130;S9;BOX_1000_001268
51090110;S9;BOX_1000_001269
51098240;S9;BOX_1000_001270
51105680;S9;BOX_1000_001271
51114130;S9;BOX_1000_001272
51125300;S9;BOX_1000_001273
51137220;S9;BOX_1000_001274
51149140;S9;BOX_1000_001275
51161110;S9;BOX_1000_001276
51172580;S9;BOX_1000_001277
51184530;S9;BOX_1000_001278
51195550;S9;BOX_1000_001279
51216160;S9;BOX_1000_001280
51237550;S9;BOX_1000_001281
51295400;S9;BOX_1010_001282
51362680;S9;BOX_1010_001283
51394080;S9;BOX_1010_001284
51423000;S9;BOX_1010_001285
51454240;S9;BOX_1010_001286
51482900;S9;BOX_1010_001287
51514040;S9;BOX_1010_001288
51543630;S9;BOX_1010_001289
51572850;S9;BOX_1010_001290
52159390;S9;BOX_1010_001291
52168040;S9;BOX_1010_001292
52177090;S9;BOX_1010_001293
52184700;S9;BOX_1010_001294
52192450;S9;BOX_1010_001295
52234140;S9;BOX_1010_001296
52264550;S9;BOX_1010_001297
52294020;S9;BOX_1010_001298
52324710;S9;BOX_1010_001299
52353700;S9;BOX_1010_001300
52850080;S9;BOX_1010_001301
52868160;S9;BOX_1010_001302
52883750;S9;BOX_1010_001303
52910170;S9;BOX_1020_001304
52934920;S9;BOX_1020_001305
52955200;S9;BOX_1020_001306
53210050;S9;BOX_1020_001307
53218720;S9;BOX_1020_001308
53226480;S9;BOX_1020_001309
53234270;S9;BOX_1020_001310
53242100;S9;BOX_1020_001311
53249640;S9;BOX_1020_001312
53258110;S9;BOX_1020_001313
53266010;S9;BOX_1020_001314
53275680;S9;BOX_1020_001315
53288240;S9;BOX_1020_001316
53300120;S9;BOX_1020_001317
53312270;S9;BOX_1020_001318
53424220;S9;BOX_1020_001319
53436190;S9;BOX_1020_001320
53461600;S9;BOX_1030_001321
53476990;S9;BOX_1030_001322
53493840;S9;BOX_1030_001323
53511410;S9;BOX_1030_001324
53527150;S9;BOX_1030_001325
53543010;S9;BOX_1030_001326
53560120;S9;BOX_1030_001327
54403760;S9;BOX_1030_001328
54428350;S9;BOX_1030_001329
54451760;S9;BOX_1030_001330
54475040;S9;BOX_1030_001331
54499400;S9;BOX_1030_001332
54523890;S9;BOX_1030_001333
55483630;S9;BOX_1030_001334
55507380;S9;BOX_1030_001335
55531760;S9;BOX_1030_001336
55555950;S9;BOX_1030_001337
55579410;S9;BOX_1030_001338
55603640;S9;BOX_1030_001339
55628270;S9;BOX_1030_001340
55650600;S9;BOX_1030_001341
55675250;S9;BOX_1030_001342
55700320;S9;BOX_1030_001343
55723410;S9;BOX_1030_001344
55747230;S9;BOX_1030_001345
55771490;S9;BOX_1030_001346
56349920;S9;BOX_1030_001347
56358300;S9;BOX_1030_001348
56367710;S9;BOX_1000_001349
56376030;S9;BOX_1000_001350
56451080;S9;BOX_1000_001351
56458490;S9;BOX_1000_001352
56466590;S9;BOX_1000_001353
56474740;S9;BOX_1000_001354
56662030;S9;BOX_1000_001355
56680960;S9;BOX_1010_001356
56703780;S9;BOX_1010_001357
56733750;S9;BOX_1010_001358
56764330;S9;BOX_1010_001359
56793760;S9;BOX_1010_001360
56824160;S9;BOX_1010_001361
